{"Dest": [-7.264534343576451, 112.80016601085663], "Home": [-7.2644162, 112.8005858]}