{"Dest": [-7.2643813545270435, 112.80088551342487], "Home": [-7.2643988, 112.8003663]}