{
    "Dest" : [30.341438219342916, 87.32815001159906],
    "Home" : [-7.2886677, 112.7873511]
}