{"Dest": [-7.2650904250738995, 112.80096095055342], "Home": [-7.2643181, 112.8003264]}