{
    "Dest" : [-7.2889521, 112.7872948],
    "Home" : [-7.2886677, 112.7873511]
}