{"Dest": [-7.2862439589188615, 112.78904590755701], "Home": [-7.2878758, 112.7860597]}