{"Dest": [-7.2849073631372665, 112.79168352484703], "Home": [-7.2855481, 112.7917048]}