{"Dest": [-6.721648934799986, 107.25364476442337], "Home": [-7.2878914, 112.7860397]}