{"Dest": [-7.2643643926944454, 112.80092641711234], "Home": [-7.2642975, 112.8004672]}